inspection_id,inspection_date,inspector_role,physical_progress_observed,quality_rating,remarks,record_id,is_demo_enrichment,data_source,source_classification
INS-2024-05-021,2024-05-10,Assistant Engineer (PWD),28.0,Satisfactory,Subgrade level and field density verified as per MoRTH specifications.,26,True,DEMONSTRATION_LIFECYCLE_DATA,SYNTHETIC_DEMONSTRATION
INS-2024-07-064,2024-07-24,Executive Engineer (PWD),75.0,Satisfactory,WMM compaction and surface regularities within permissible tolerance limits.,26,True,DEMONSTRATION_LIFECYCLE_DATA,SYNTHETIC_DEMONSTRATION
INS-2024-05-042,2024-05-28,Junior Engineer (Electrical),27.0,Needs Improvement,Foundation pedestal concrete cast; octagonal high mast pole segments not yet delivered to site.,10,True,DEMONSTRATION_LIFECYCLE_DATA,SYNTHETIC_DEMONSTRATION
INS-2024-01-018,2024-01-22,Divisional Engineer (Operations),52.0,Fair,Installation stalled pending right-of-way permission for LT underground cabling along village approach road.,75,True,DEMONSTRATION_LIFECYCLE_DATA,SYNTHETIC_DEMONSTRATION
INS-2024-03-015,2024-03-12,Executive Engineer (Public Works),62.0,Satisfactory,Foundation depth increased due to expansive clay subsoil stratum; revised TS estimate submitted for administrative sanction.,208,True,DEMONSTRATION_LIFECYCLE_DATA,SYNTHETIC_DEMONSTRATION
INS-2024-04-032,2024-04-20,Assistant Executive Engineer,38.0,Satisfactory,Plinth beam concrete cured properly; superstructure brickwork initiated.,230,True,DEMONSTRATION_LIFECYCLE_DATA,SYNTHETIC_DEMONSTRATION
INS-2024-05-029,2024-05-20,Assistant Engineer (RD&PR),33.0,Needs Improvement,Shuttering and reinforcement binding in progress; concrete pouring scheduled for next week.,170,True,DEMONSTRATION_LIFECYCLE_DATA,SYNTHETIC_DEMONSTRATION
INS-2024-04-038,2024-04-30,Municipal Engineer (Baripada),100.0,Satisfactory,15 LED luminaires verified energized; timer switch operational.,350,True,DEMONSTRATION_LIFECYCLE_DATA,SYNTHETIC_DEMONSTRATION
INS-2024-02-026,2024-02-25,Assistant Director (Planning),100.0,Good,All 8 standalone solar street units operational; battery charging cycle checked and verified.,205,True,DEMONSTRATION_LIFECYCLE_DATA,SYNTHETIC_DEMONSTRATION
INS-2024-04-012,2024-04-10,Junior Engineer (Jal Sansthan),50.0,Good,Drilling completed; static water level verified at 38m depth.,512,True,DEMONSTRATION_LIFECYCLE_DATA,SYNTHETIC_DEMONSTRATION
INS-2024-05-025,2024-05-22,Assistant Engineer (Jal Sansthan),92.0,Good,Platform concrete curing satisfactory; discharge rate 18 liters/minute verified.,512,True,DEMONSTRATION_LIFECYCLE_DATA,SYNTHETIC_DEMONSTRATION
INS-2024-05-036,2024-05-24,Assistant Engineer (PWD),0.0,Unsatisfactory,Site inspection reveals zero progress; contractor has not mobilized equipment or road rollers.,117,True,DEMONSTRATION_LIFECYCLE_DATA,SYNTHETIC_DEMONSTRATION
INS-2024-05-032,2024-05-20,Assistant Engineer (PWD),36.0,Fair,Subgrade compaction tested; paver delivery awaited from yard.,120,True,DEMONSTRATION_LIFECYCLE_DATA,SYNTHETIC_DEMONSTRATION
