record_id,state,constituency,work_type,sanctioned_amount,approved_estimate,revised_estimate,funds_released,expenditure_amount,physical_progress_percent,work_order_number,work_order_date,agency_name,sanction_date,expected_completion_date,actual_completion_date,completion_certificate_available,latitude,longitude,location_source,is_healthy_control,is_demo_enrichment,data_source,source_classification,disclaimer
26,Rajasthan,KARAULI-DHOLPUR,road,987500.0,978400.0,978400.0,742500.0,639340.0,78.0,EE/PWD/KD/2024-25/W-104,2024-04-08,M/s Marwar Construction & Co.,2024-03-21,2024-10-15,,False,26.5052,77.0248,SYNTHETIC_DEMO_COORDINATES,True,True,DEMONSTRATION_LIFECYCLE_DATA,SYNTHETIC_DEMONSTRATION,DEMONSTRATION ONLY: Synthetic lifecycle data generated for prototype demonstration. Not part of official MoSPI public record.
10,Bihar,DARBHANGA,electrical,487000.0,484200.0,484200.0,438300.0,382400.0,27.0,DMC/ELEC/2024/042,2024-04-02,M/s Mithila Infra Projects Pvt Ltd,2024-03-18,2024-08-20,,False,26.1548,85.8924,SYNTHETIC_DEMO_COORDINATES,False,True,DEMONSTRATION_LIFECYCLE_DATA,SYNTHETIC_DEMONSTRATION,DEMONSTRATION ONLY: Synthetic lifecycle data generated for prototype demonstration. Not part of official MoSPI public record.
75,Telangana,CHELVELLA,electrical,170000.0,168500.0,168500.0,170000.0,121150.0,52.0,TSSPDCL/RR/WO-75/2023,2023-09-02,M/s Deccan Electricals & Engineers,2023-08-14,2023-12-28,,False,17.3065,78.1364,SYNTHETIC_DEMO_COORDINATES,False,True,DEMONSTRATION_LIFECYCLE_DATA,SYNTHETIC_DEMONSTRATION,DEMONSTRATION ONLY: Synthetic lifecycle data generated for prototype demonstration. Not part of official MoSPI public record.
208,Maharashtra,DINDORI,building,1494000.0,1468750.0,1982400.0,1494000.0,1462340.0,71.0,ZP/NASHIK/BLD/2023/182,2023-10-08,M/s Sahyadri Civil Works LLP,2023-09-15,2024-07-15,,False,20.2036,73.8345,SYNTHETIC_DEMO_COORDINATES,False,True,DEMONSTRATION_LIFECYCLE_DATA,SYNTHETIC_DEMONSTRATION,DEMONSTRATION ONLY: Synthetic lifecycle data generated for prototype demonstration. Not part of official MoSPI public record.
230,Karnataka,HAVERI,building,300000.0,295000.0,295000.0,250000.0,172900.0,61.0,ED/HVR/2024/073,2024-03-28,M/s Kaveri Builders & Engineering,2024-03-16,2024-09-10,,False,14.7954,75.3986,SYNTHETIC_DEMO_COORDINATES,False,True,DEMONSTRATION_LIFECYCLE_DATA,SYNTHETIC_DEMONSTRATION,DEMONSTRATION ONLY: Synthetic lifecycle data generated for prototype demonstration. Not part of official MoSPI public record.
170,Tamil Nadu,RAMANATHAPURAM,building,500000.0,492000.0,492000.0,395000.0,274700.0,33.0,DRDA/RMD/2024/CW-170,2024-04-04,M/s Chola Infra Developers,2024-03-19,2024-09-15,,False,9.3644,78.8398,SYNTHETIC_DEMO_COORDINATES,False,True,DEMONSTRATION_LIFECYCLE_DATA,SYNTHETIC_DEMONSTRATION,DEMONSTRATION ONLY: Synthetic lifecycle data generated for prototype demonstration. Not part of official MoSPI public record.
350,Odisha,MAYURBHANJ,electrical,48900.0,48900.0,48900.0,48900.0,48150.0,100.0,MBJ/MUNI/EL/2024/09,2024-03-24,M/s Apex Infrastructure Services,2024-03-14,2024-05-05,2024-04-28,True,21.9324,86.7265,SYNTHETIC_DEMO_COORDINATES,False,True,DEMONSTRATION_LIFECYCLE_DATA,SYNTHETIC_DEMONSTRATION,DEMONSTRATION ONLY: Synthetic lifecycle data generated for prototype demonstration. Not part of official MoSPI public record.
205,Jammu And Kashmir,BARAMULLAH,electrical,98400.0,98400.0,98400.0,98400.0,96850.0,100.0,DC/BML/MPLADS/2023/312,2023-11-28,M/s Chinar Energy Systems,2023-11-10,2024-02-28,2024-02-22,True,34.2094,74.3435,SYNTHETIC_DEMO_COORDINATES,True,True,DEMONSTRATION_LIFECYCLE_DATA,SYNTHETIC_DEMONSTRATION,DEMONSTRATION ONLY: Synthetic lifecycle data generated for prototype demonstration. Not part of official MoSPI public record.
450,Uttar Pradesh,SITTING RAJYA SABHA,water,63275.0,62400.0,62400.0,54000.0,44650.0,73.0,JN/LKO/RUR/2024/08,2024-03-22,M/s Ganga Borewells & Water Tech,2024-03-12,2024-07-10,,False,26.8471,80.9467,SYNTHETIC_DEMO_COORDINATES,False,True,DEMONSTRATION_LIFECYCLE_DATA,SYNTHETIC_DEMONSTRATION,DEMONSTRATION ONLY: Synthetic lifecycle data generated for prototype demonstration. Not part of official MoSPI public record.
512,Uttar Pradesh,SITTING RAJYA SABHA,water,63275.0,63275.0,63275.0,63275.0,58650.0,92.0,JN/LKO/HP/2024/022,2024-03-18,M/s Awadh Jal Engineering Works,2024-03-08,2024-06-25,,False,26.8524,80.9525,SYNTHETIC_DEMO_COORDINATES,True,True,DEMONSTRATION_LIFECYCLE_DATA,SYNTHETIC_DEMONSTRATION,DEMONSTRATION ONLY: Synthetic lifecycle data generated for prototype demonstration. Not part of official MoSPI public record.
117,Karnataka,SITTING RAJYA SABHA,road,500000.0,494500.0,494500.0,195000.0,0.0,0.0,PWD/BLR/RD-117/2024,2024-04-05,M/s Bengaluru Rural Roadworks,2024-03-18,2024-10-20,,False,12.97164,77.59462,SYNTHETIC_DEMO_COORDINATES,False,True,DEMONSTRATION_LIFECYCLE_DATA,SYNTHETIC_DEMONSTRATION,DEMONSTRATION ONLY: Synthetic lifecycle data generated for prototype demonstration. Not part of official MoSPI public record.
120,Karnataka,SITTING RAJYA SABHA,road,500000.0,494500.0,494500.0,285000.0,138750.0,36.0,PWD/BLR/RD-120/2024,2024-04-05,M/s Bengaluru Rural Roadworks,2024-03-18,2024-10-20,,False,12.97228,77.59515,SYNTHETIC_DEMO_COORDINATES,False,True,DEMONSTRATION_LIFECYCLE_DATA,SYNTHETIC_DEMONSTRATION,DEMONSTRATION ONLY: Synthetic lifecycle data generated for prototype demonstration. Not part of official MoSPI public record.
