milestone_id,milestone_index,milestone_name,planned_date,actual_date,payment_percentage,status,record_id,is_demo_enrichment,data_source,source_classification
MS-026-1,1,Earthwork & Subgrade,2024-05-05,2024-05-09,25.0,COMPLETED,26,True,DEMONSTRATION_LIFECYCLE_DATA,SYNTHETIC_DEMONSTRATION
MS-026-2,2,Granular Sub-Base (GSB),2024-06-15,2024-06-17,25.0,COMPLETED,26,True,DEMONSTRATION_LIFECYCLE_DATA,SYNTHETIC_DEMONSTRATION
MS-026-3,3,Wet Mix Macadam (WMM),2024-07-25,2024-07-26,25.0,COMPLETED,26,True,DEMONSTRATION_LIFECYCLE_DATA,SYNTHETIC_DEMONSTRATION
MS-026-4,4,Pavement Quality Concrete (PQC),2024-10-15,,25.0,IN_PROGRESS,26,True,DEMONSTRATION_LIFECYCLE_DATA,SYNTHETIC_DEMONSTRATION
MS-010-1,1,Civil Foundation & Pedestal,2024-04-25,2024-05-04,30.0,COMPLETED,10,True,DEMONSTRATION_LIFECYCLE_DATA,SYNTHETIC_DEMONSTRATION
MS-010-2,2,High Mast Erection,2024-06-10,,35.0,IN_PROGRESS,10,True,DEMONSTRATION_LIFECYCLE_DATA,SYNTHETIC_DEMONSTRATION
MS-010-3,3,Luminaire Assembly & Cabling,2024-07-20,,20.0,PENDING,10,True,DEMONSTRATION_LIFECYCLE_DATA,SYNTHETIC_DEMONSTRATION
MS-010-4,4,Testing & Grid Commissioning,2024-08-20,,15.0,PENDING,10,True,DEMONSTRATION_LIFECYCLE_DATA,SYNTHETIC_DEMONSTRATION
MS-075-1,1,Civil Plinth & Fencing,2023-10-05,2023-10-10,35.0,COMPLETED,75,True,DEMONSTRATION_LIFECYCLE_DATA,SYNTHETIC_DEMONSTRATION
MS-075-2,2,Distribution Transformer Delivery,2023-11-15,2023-11-25,35.0,COMPLETED,75,True,DEMONSTRATION_LIFECYCLE_DATA,SYNTHETIC_DEMONSTRATION
MS-075-3,3,HT/LT Cabling & Metering,2023-12-10,,20.0,IN_PROGRESS,75,True,DEMONSTRATION_LIFECYCLE_DATA,SYNTHETIC_DEMONSTRATION
MS-075-4,4,Final Charging & Inspection,2023-12-28,,10.0,PENDING,75,True,DEMONSTRATION_LIFECYCLE_DATA,SYNTHETIC_DEMONSTRATION
MS-208-1,1,Substructure & Raft Foundation,2023-11-15,2023-11-18,30.0,COMPLETED,208,True,DEMONSTRATION_LIFECYCLE_DATA,SYNTHETIC_DEMONSTRATION
MS-208-2,2,Superstructure RCC Frame,2024-02-10,2024-02-14,30.0,COMPLETED,208,True,DEMONSTRATION_LIFECYCLE_DATA,SYNTHETIC_DEMONSTRATION
MS-208-3,3,Masonry & Plastering,2024-05-20,2024-05-25,25.0,COMPLETED,208,True,DEMONSTRATION_LIFECYCLE_DATA,SYNTHETIC_DEMONSTRATION
MS-208-4,4,"Flooring, Joinery & Electrification",2024-07-15,,15.0,IN_PROGRESS,208,True,DEMONSTRATION_LIFECYCLE_DATA,SYNTHETIC_DEMONSTRATION
MS-230-1,1,Plinth & Foundation,2024-04-12,2024-04-16,35.0,COMPLETED,230,True,DEMONSTRATION_LIFECYCLE_DATA,SYNTHETIC_DEMONSTRATION
MS-230-2,2,Brickwork & Internal Plaster,2024-05-20,2024-05-24,35.0,COMPLETED,230,True,DEMONSTRATION_LIFECYCLE_DATA,SYNTHETIC_DEMONSTRATION
MS-230-3,3,"Roof Truss, Sheet Laying & Flooring",2024-09-10,,30.0,IN_PROGRESS,230,True,DEMONSTRATION_LIFECYCLE_DATA,SYNTHETIC_DEMONSTRATION
MS-170-1,1,Substructure & Basement,2024-04-18,2024-04-20,30.0,COMPLETED,170,True,DEMONSTRATION_LIFECYCLE_DATA,SYNTHETIC_DEMONSTRATION
MS-170-2,2,RCC Roof Slab Casting,2024-06-25,,35.0,IN_PROGRESS,170,True,DEMONSTRATION_LIFECYCLE_DATA,SYNTHETIC_DEMONSTRATION
MS-170-3,3,"Brickwork, Plastering & Joinery",2024-08-10,,20.0,PENDING,170,True,DEMONSTRATION_LIFECYCLE_DATA,SYNTHETIC_DEMONSTRATION
MS-170-4,4,"Flooring, Painting & Handover",2024-09-15,,15.0,PENDING,170,True,DEMONSTRATION_LIFECYCLE_DATA,SYNTHETIC_DEMONSTRATION
MS-350-1,1,Supply and Fitting of LED Streetlights,2024-05-05,2024-04-28,100.0,COMPLETED,350,True,DEMONSTRATION_LIFECYCLE_DATA,SYNTHETIC_DEMONSTRATION
MS-205-1,1,Solar Module Delivery & Mounting,2023-12-25,2023-12-16,50.0,COMPLETED,205,True,DEMONSTRATION_LIFECYCLE_DATA,SYNTHETIC_DEMONSTRATION
MS-205-2,2,"Battery Bank, Inverter & Commissioning",2024-02-28,2024-02-22,50.0,COMPLETED,205,True,DEMONSTRATION_LIFECYCLE_DATA,SYNTHETIC_DEMONSTRATION
MS-450-1,1,Drilling & Lowering of Casing Pipe,2024-04-20,2024-04-24,40.0,COMPLETED,450,True,DEMONSTRATION_LIFECYCLE_DATA,SYNTHETIC_DEMONSTRATION
MS-450-2,2,Submersible Pump & Delivery Pipeline,2024-05-25,2024-05-28,35.0,COMPLETED,450,True,DEMONSTRATION_LIFECYCLE_DATA,SYNTHETIC_DEMONSTRATION
MS-450-3,3,Overhead Tank Connection & Water Potability Test,2024-07-10,,25.0,IN_PROGRESS,450,True,DEMONSTRATION_LIFECYCLE_DATA,SYNTHETIC_DEMONSTRATION
MS-512-1,1,Boring & Hand Pump Cylinder Lowering,2024-04-02,2024-04-04,50.0,COMPLETED,512,True,DEMONSTRATION_LIFECYCLE_DATA,SYNTHETIC_DEMONSTRATION
MS-512-2,2,Civil Platform & Soak Pit Construction,2024-05-15,2024-05-16,40.0,COMPLETED,512,True,DEMONSTRATION_LIFECYCLE_DATA,SYNTHETIC_DEMONSTRATION
MS-512-3,3,Water Sample Testing & Handover,2024-06-25,,10.0,IN_PROGRESS,512,True,DEMONSTRATION_LIFECYCLE_DATA,SYNTHETIC_DEMONSTRATION
MS-117-1,1,Site Clearing & Alignment Survey,2024-05-15,,20.0,PENDING,117,True,DEMONSTRATION_LIFECYCLE_DATA,SYNTHETIC_DEMONSTRATION
MS-117-2,2,Sub-base & Grading,2024-07-20,,40.0,PENDING,117,True,DEMONSTRATION_LIFECYCLE_DATA,SYNTHETIC_DEMONSTRATION
MS-117-3,3,Asphalt Surface Course,2024-10-20,,40.0,PENDING,117,True,DEMONSTRATION_LIFECYCLE_DATA,SYNTHETIC_DEMONSTRATION
MS-120-1,1,Subgrade Preparation & Edge Kerb,2024-05-10,2024-05-14,30.0,COMPLETED,120,True,DEMONSTRATION_LIFECYCLE_DATA,SYNTHETIC_DEMONSTRATION
MS-120-2,2,Interlocking Paver Block Laying,2024-08-15,,45.0,IN_PROGRESS,120,True,DEMONSTRATION_LIFECYCLE_DATA,SYNTHETIC_DEMONSTRATION
MS-120-3,3,Joint Sand Filling & Finishing,2024-10-20,,25.0,PENDING,120,True,DEMONSTRATION_LIFECYCLE_DATA,SYNTHETIC_DEMONSTRATION
