payment_id,voucher_no,voucher_date,payee_name,amount,milestone_linked,status,notes,record_id,is_demo_enrichment,data_source,source_classification
PAY-026-01,VCH-2024/05/081,2024-05-12,M/s Marwar Construction & Co.,218400.0,Earthwork & Subgrade,PAID,Running account bill I for earthwork excavation and embankment compaction.,26,True,DEMONSTRATION_LIFECYCLE_DATA,SYNTHETIC_DEMONSTRATION
PAY-026-02,VCH-2024/06/142,2024-06-19,M/s Marwar Construction & Co.,234650.0,Granular Sub-Base (GSB),PAID,Running account bill II for GSB grade II laying and compaction.,26,True,DEMONSTRATION_LIFECYCLE_DATA,SYNTHETIC_DEMONSTRATION
PAY-026-03,VCH-2024/07/209,2024-07-28,M/s Marwar Construction & Co.,186290.0,Wet Mix Macadam (WMM),PAID,Running account bill III for WMM layer casting and curing.,26,True,DEMONSTRATION_LIFECYCLE_DATA,SYNTHETIC_DEMONSTRATION
PAY-010-01,VCH-2024/04/052,2024-04-18,M/s Mithila Infra Projects Pvt Ltd,145260.0,Civil Foundation & Pedestal,PAID,Advance procurement and foundation shuttering claim.,10,True,DEMONSTRATION_LIFECYCLE_DATA,SYNTHETIC_DEMONSTRATION
PAY-010-02,VCH-2024/05/115,2024-05-22,M/s Mithila Infra Projects Pvt Ltd,138400.0,Civil Foundation & Pedestal,PAID,Material supply invoice settlement for high mast pole segments.,10,True,DEMONSTRATION_LIFECYCLE_DATA,SYNTHETIC_DEMONSTRATION
PAY-010-03,VCH-2024/06/088,2024-06-25,M/s Mithila Infra Projects Pvt Ltd,98740.0,High Mast Erection,PAID,Running bill for high mast structural assemblies and delivery.,10,True,DEMONSTRATION_LIFECYCLE_DATA,SYNTHETIC_DEMONSTRATION
PAY-075-01,VCH-2023/10/019,2023-10-12,M/s Deccan Electricals & Engineers,62400.0,Civil Plinth & Fencing,PAID,Civil plinth construction and barbed fencing.,75,True,DEMONSTRATION_LIFECYCLE_DATA,SYNTHETIC_DEMONSTRATION
PAY-075-02,VCH-2023/11/094,2023-11-28,M/s Deccan Electricals & Engineers,58750.0,Distribution Transformer Delivery,PAID,Supply and placement of 25 kVA distribution transformer.,75,True,DEMONSTRATION_LIFECYCLE_DATA,SYNTHETIC_DEMONSTRATION
PAY-208-01,VCH-2023/11/044,2023-11-20,M/s Sahyadri Civil Works LLP,482500.0,Substructure & Raft Foundation,PAID,"RA Bill I - Foundation excavation, RCC raft and plinth beam casting.",208,True,DEMONSTRATION_LIFECYCLE_DATA,SYNTHETIC_DEMONSTRATION
PAY-208-02,VCH-2024/02/089,2024-02-16,M/s Sahyadri Civil Works LLP,491200.0,Superstructure RCC Frame,PAID,"RA Bill II - RCC columns, tie beams and first floor roof slab.",208,True,DEMONSTRATION_LIFECYCLE_DATA,SYNTHETIC_DEMONSTRATION
PAY-208-03,VCH-2024/05/161,2024-05-28,M/s Sahyadri Civil Works LLP,488640.0,Masonry & Plastering,PAID,RA Bill III - AAC block masonry and internal cement plastering.,208,True,DEMONSTRATION_LIFECYCLE_DATA,SYNTHETIC_DEMONSTRATION
PAY-230-01,VCH-2024/05/092,2024-05-11,M/s Kaveri Builders & Engineering,86450.0,Brickwork & Internal Plaster,PAID,Running account bill II for classroom masonry works against invoice INV-2024-041.,230,True,DEMONSTRATION_LIFECYCLE_DATA,SYNTHETIC_DEMONSTRATION
PAY-230-02,VCH-2024/05/098,2024-05-13,M/s Kaveri Builders & Engineering,86450.0,Brickwork & Internal Plaster,PAID,Settlement of bill II classroom masonry works against invoice INV-2024-041.,230,True,DEMONSTRATION_LIFECYCLE_DATA,SYNTHETIC_DEMONSTRATION
PAY-170-01,VCH-2024/04/061,2024-04-24,M/s Chola Infra Developers,118500.0,Substructure & Basement,PAID,RA Bill I - Substructure excavation and granite masonry basement.,170,True,DEMONSTRATION_LIFECYCLE_DATA,SYNTHETIC_DEMONSTRATION
PAY-170-02,VCH-2024/05/119,2024-05-14,M/s Chola Infra Developers,156200.0,RCC Roof Slab Casting,PAID,"Part payment against roof centering, shuttering and steel binding.",170,True,DEMONSTRATION_LIFECYCLE_DATA,SYNTHETIC_DEMONSTRATION
PAY-350-01,VCH-2024/05/008,2024-05-06,M/s Apex Infrastructure Services,48150.0,Supply and Fitting of LED Streetlights,PAID,"Final settlement for supply, erection and trial run of 15 LED fixtures.",350,True,DEMONSTRATION_LIFECYCLE_DATA,SYNTHETIC_DEMONSTRATION
PAY-205-01,VCH-2023/12/045,2023-12-18,M/s Chinar Energy Systems,49200.0,Solar Module Delivery & Mounting,PAID,Delivery and pole structure erection of solar lighting kits.,205,True,DEMONSTRATION_LIFECYCLE_DATA,SYNTHETIC_DEMONSTRATION
PAY-205-02,VCH-2024/03/012,2024-03-04,M/s Chinar Energy Systems,47650.0,"Battery Bank, Inverter & Commissioning",PAID,Final bill after successful 72-hour burn-in trial.,205,True,DEMONSTRATION_LIFECYCLE_DATA,SYNTHETIC_DEMONSTRATION
PAY-450-01,VCH-2024/04/088,2024-04-26,M/s Ganga Borewells & Water Tech,24800.0,Drilling & Lowering of Casing Pipe,PAID,RA Bill I - Rig boring up to 65m depth and PVC casing assembly.,450,True,DEMONSTRATION_LIFECYCLE_DATA,SYNTHETIC_DEMONSTRATION
PAY-450-02,VCH-2024/05/149,2024-05-30,M/s Ganga Borewells & Water Tech,19850.0,Submersible Pump & Delivery Pipeline,PAID,RA Bill II - Lowering 1.5HP submersible pump and riser pipe.,450,True,DEMONSTRATION_LIFECYCLE_DATA,SYNTHETIC_DEMONSTRATION
PAY-512-01,VCH-2024/04/031,2024-04-06,M/s Awadh Jal Engineering Works,31200.0,Boring & Hand Pump Cylinder Lowering,PAID,Boring to required water table depth and cylinder lowering.,512,True,DEMONSTRATION_LIFECYCLE_DATA,SYNTHETIC_DEMONSTRATION
PAY-512-02,VCH-2024/05/074,2024-05-18,M/s Awadh Jal Engineering Works,27450.0,Civil Platform & Soak Pit Construction,PAID,Puccka apron platform casting and soakage pit masonry.,512,True,DEMONSTRATION_LIFECYCLE_DATA,SYNTHETIC_DEMONSTRATION
PAY-120-01,VCH-2024/05/048,2024-05-16,M/s Bengaluru Rural Roadworks,138750.0,Subgrade Preparation & Edge Kerb,PAID,RA Bill I - Subgrade leveling and CC edge kerb laying.,120,True,DEMONSTRATION_LIFECYCLE_DATA,SYNTHETIC_DEMONSTRATION
